{"cameraMode":{"drawMode":0,"name":"Shaded","section":"Shading Mode"},"sceneLighting":true,"audioPlay":false,"sceneViewState":{"showFog":true,"showMaterialUpdate":false,"showSkybox":true,"showFlares":true,"showImageEffects":true,"showParticleSystems":true},"in2DMode":false,"pivot":{"x":-35.5938835144043,"y":-14.101262092590332,"z":20.635175704956056},"rotation":{"x":0.13782624900341035,"y":-0.502422034740448,"z":0.0814972072839737,"w":0.8496763706207275},"size":49.32709503173828,"orthographic":false}