{"cameraMode":{"drawMode":0,"name":"Shaded","section":"Shading Mode"},"sceneLighting":false,"audioPlay":false,"sceneViewState":{"showFog":true,"showMaterialUpdate":false,"showSkybox":false,"showFlares":true,"showImageEffects":true,"showParticleSystems":true},"in2DMode":false,"pivot":{"x":0.0,"y":-0.010604139417409897,"z":-0.04239480197429657},"rotation":{"x":-0.2523003816604614,"y":0.48591148853302,"z":-0.14887797832489015,"w":-0.8234565854072571},"size":0.4303887188434601,"orthographic":false}