{"cameraMode":{"drawMode":0,"name":"Shaded","section":"Shading Mode"},"sceneLighting":true,"audioPlay":false,"sceneViewState":{"showFog":true,"showMaterialUpdate":false,"showSkybox":true,"showFlares":true,"showImageEffects":true,"showParticleSystems":true},"in2DMode":false,"pivot":{"x":1.690000057220459,"y":-0.28999996185302737,"z":7.260000228881836},"rotation":{"x":-0.32488590478897097,"y":0.23678764700889588,"z":-0.08437643945217133,"w":-0.911736011505127},"size":2.8578836917877199,"orthographic":false}